Start,End,Sequence,Length,Color
6[55],5[55],GCCCGAGATAGGGTTGATAAATCAAAAGAATA,32,#888888
1[24],2[24],CTGCATTAATGAATCGGGGCGCCAGGGTGGTT,32,#03b6a2
7[8],6[8],ATTAAAGAACGTGGACGGAACAAGAGTCCACT,32,#1700de
1[8],0[8],AAACCTGTCGTGCCAGCCGCTTTCCAGTCGGG,32,#f74308
0[55],0[24],CTAACTCACATTAATTGCGTTGCGCTCACTGC,32,#aaaa00
4[55],3[55],GCAGCAAGCGGTCCACTGGCCCTGAGAGAGTT,32,#007200
2[55],1[55],AGGCGGTTTGCGTATTGCCAACGCGCGGGGAG,32,#1700de
7[24],7[55],TCCAACGTCAAAGGGCGAAAAACCGTCTATCA,32,#1700de
5[8],4[8],TGATGGTGGTTCCGAAAGGCGAAAATCCTGTT,32,#007200
3[8],2[8],AGACGGGCAACAGCTGTTTCTTTTCACCAGTG,32,#aaaa00
3[24],4[24],ATTGCCCTTCACCGCCGCTGGTTTGCCCCAGC,32,#f7931e
5[24],6[24],ATCGGCAAAATCCCTTAGTGTTGTTCCAGTTT,32,#03b6a2
